lgd_code,district_name,state_name,slug,former_names
1,Anantnag,JAMMU & KASHMIR,anantnag-1,[]
2,Budgam,JAMMU & KASHMIR,budgam-2,[]
3,Baramulla,JAMMU & KASHMIR,baramulla-3,[]
4,Doda,JAMMU & KASHMIR,doda-4,[]
5,Jammu,JAMMU & KASHMIR,jammu-5,[]
6,Kargil,LADAKH,kargil-6,[]
7,Kathua,JAMMU & KASHMIR,kathua-7,[]
8,Kupwara,JAMMU & KASHMIR,kupwara-8,[]
9,Leh Ladakh,LADAKH,leh-ladakh-9,[]
10,Poonch,JAMMU & KASHMIR,poonch-10,[]
11,Pulwama,JAMMU & KASHMIR,pulwama-11,[]
12,Rajouri,JAMMU & KASHMIR,rajouri-12,[]
13,Srinagar,JAMMU & KASHMIR,srinagar-13,[]
14,Udhampur,JAMMU & KASHMIR,udhampur-14,[]
15,Bilaspur,HIMACHAL PRADESH,bilaspur-15,[]
16,Chamba,HIMACHAL PRADESH,chamba-16,[]
17,Hamirpur,HIMACHAL PRADESH,hamirpur-17,[]
18,Kangra,HIMACHAL PRADESH,kangra-18,[]
19,Kinnaur,HIMACHAL PRADESH,kinnaur-19,[]
20,Kullu,HIMACHAL PRADESH,kullu-20,[]
21,Lahul And Spiti,HIMACHAL PRADESH,lahul-and-spiti-21,[]
22,Mandi,HIMACHAL PRADESH,mandi-22,[]
23,Shimla,HIMACHAL PRADESH,shimla-23,[]
24,Sirmaur,HIMACHAL PRADESH,sirmaur-24,[]
25,Solan,HIMACHAL PRADESH,solan-25,[]
26,Una,HIMACHAL PRADESH,una-26,[]
27,Amritsar,PUNJAB,amritsar-27,[]
28,Bathinda,PUNJAB,bathinda-28,[]
29,Faridkot,PUNJAB,faridkot-29,[]
30,Fatehgarh Sahib,PUNJAB,fatehgarh-sahib-30,[]
31,Ferozepur,PUNJAB,ferozepur-31,[]
32,Gurdaspur,PUNJAB,gurdaspur-32,[]
33,Hoshiarpur,PUNJAB,hoshiarpur-33,[]
34,Jalandhar,PUNJAB,jalandhar-34,[]
35,Kapurthala,PUNJAB,kapurthala-35,[]
36,Ludhiana,PUNJAB,ludhiana-36,[]
37,Mansa,PUNJAB,mansa-37,[]
38,Moga,PUNJAB,moga-38,[]
39,Sri Muktsar Sahib,PUNJAB,sri-muktsar-sahib-39,[]
40,Shahid Bhagat Singh Nagar,PUNJAB,shahid-bhagat-singh-nagar-40,[]
41,Patiala,PUNJAB,patiala-41,[]
42,Rupnagar,PUNJAB,rupnagar-42,[]
43,Sangrur,PUNJAB,sangrur-43,[]
44,Chandigarh,CHANDIGARH,chandigarh-44,[]
45,Almora,UTTARAKHAND,almora-45,[]
46,Bageshwar,UTTARAKHAND,bageshwar-46,[]
47,Chamoli,UTTARAKHAND,chamoli-47,[]
48,Champawat,UTTARAKHAND,champawat-48,[]
49,Dehradun,UTTARAKHAND,dehradun-49,[]
50,Haridwar,UTTARAKHAND,haridwar-50,[]
51,Nainital,UTTARAKHAND,nainital-51,[]
52,Pauri Garhwal,UTTARAKHAND,pauri-garhwal-52,[]
53,Pithoragarh,UTTARAKHAND,pithoragarh-53,[]
54,Rudra Prayag,UTTARAKHAND,rudra-prayag-54,[]
55,Tehri Garhwal,UTTARAKHAND,tehri-garhwal-55,[]
56,Udam Singh Nagar,UTTARAKHAND,udam-singh-nagar-56,[]
57,Uttar Kashi,UTTARAKHAND,uttar-kashi-57,[]
58,Ambala,HARYANA,ambala-58,[]
59,Bhiwani,HARYANA,bhiwani-59,[]
60,Faridabad,HARYANA,faridabad-60,[]
61,Fatehabad,HARYANA,fatehabad-61,[]
62,Gurugram,HARYANA,gurugram-62,[]
63,Hisar,HARYANA,hisar-63,[]
64,Jhajjar,HARYANA,jhajjar-64,[]
65,Jind,HARYANA,jind-65,[]
66,Kaithal,HARYANA,kaithal-66,[]
67,Karnal,HARYANA,karnal-67,[]
68,Kurukshetra,HARYANA,kurukshetra-68,[]
69,Mahendragarh,HARYANA,mahendragarh-69,[]
70,Panchkula,HARYANA,panchkula-70,[]
71,Panipat,HARYANA,panipat-71,[]
72,Rewari,HARYANA,rewari-72,[]
73,Rohtak,HARYANA,rohtak-73,[]
74,Sirsa,HARYANA,sirsa-74,[]
75,Sonipat,HARYANA,sonipat-75,[]
76,Yamunanagar,HARYANA,yamunanagar-76,[]
77,Central,DELHI,central-77,[]
78,East,DELHI,east-78,[]
79,New Delhi,DELHI,new-delhi-79,[]
80,North,DELHI,north-80,[]
81,North East,DELHI,north-east-81,[]
82,North West,DELHI,north-west-82,[]
83,South,DELHI,south-83,[]
84,South West,DELHI,south-west-84,[]
85,West,DELHI,west-85,[]
86,Ajmer,RAJASTHAN,ajmer-86,[]
87,Alwar,RAJASTHAN,alwar-87,[]
88,Banswara,RAJASTHAN,banswara-88,[]
89,Baran,RAJASTHAN,baran-89,[]
90,Barmer,RAJASTHAN,barmer-90,[]
91,Bharatpur,RAJASTHAN,bharatpur-91,[]
92,Bhilwara,RAJASTHAN,bhilwara-92,[]
93,Bikaner,RAJASTHAN,bikaner-93,[]
94,Bundi,RAJASTHAN,bundi-94,[]
95,Chittorgarh,RAJASTHAN,chittorgarh-95,[]
96,Churu,RAJASTHAN,churu-96,[]
97,Dausa,RAJASTHAN,dausa-97,[]
98,Dholpur,RAJASTHAN,dholpur-98,[]
99,Dungarpur,RAJASTHAN,dungarpur-99,[]
100,Ganganagar,RAJASTHAN,ganganagar-100,[]
101,Hanumangarh,RAJASTHAN,hanumangarh-101,[]
102,Jaipur,RAJASTHAN,jaipur-102,[]
103,Jaisalmer,RAJASTHAN,jaisalmer-103,[]
104,Jalore,RAJASTHAN,jalore-104,[]
105,Jhalawar,RAJASTHAN,jhalawar-105,[]
106,Jhunjhunu,RAJASTHAN,jhunjhunu-106,[]
107,Jodhpur,RAJASTHAN,jodhpur-107,[]
108,Karauli,RAJASTHAN,karauli-108,[]
109,Kota,RAJASTHAN,kota-109,[]
110,Nagaur,RAJASTHAN,nagaur-110,[]
111,Pali,RAJASTHAN,pali-111,[]
112,Rajsamand,RAJASTHAN,rajsamand-112,[]
113,Sawai Madhopur,RAJASTHAN,sawai-madhopur-113,[]
114,Sikar,RAJASTHAN,sikar-114,[]
115,Sirohi,RAJASTHAN,sirohi-115,[]
116,Tonk,RAJASTHAN,tonk-116,[]
117,Udaipur,RAJASTHAN,udaipur-117,[]
118,Agra,UTTAR PRADESH,agra-118,[]
119,Aligarh,UTTAR PRADESH,aligarh-119,[]
120,Prayagraj,UTTAR PRADESH,prayagraj-120,[]
121,Ambedkar Nagar,UTTAR PRADESH,ambedkar-nagar-121,[]
122,Auraiya,UTTAR PRADESH,auraiya-122,[]
123,Azamgarh,UTTAR PRADESH,azamgarh-123,[]
124,Baghpat,UTTAR PRADESH,baghpat-124,[]
125,Bahraich,UTTAR PRADESH,bahraich-125,[]
126,Ballia,UTTAR PRADESH,ballia-126,[]
127,Balrampur,UTTAR PRADESH,balrampur-127,[]
128,Banda,UTTAR PRADESH,banda-128,[]
129,Barabanki,UTTAR PRADESH,barabanki-129,[]
130,Bareilly,UTTAR PRADESH,bareilly-130,[]
131,Basti,UTTAR PRADESH,basti-131,[]
132,Bijnor,UTTAR PRADESH,bijnor-132,[]
133,Budaun,UTTAR PRADESH,budaun-133,[]
134,Bulandshahr,UTTAR PRADESH,bulandshahr-134,[]
135,Chandauli,UTTAR PRADESH,chandauli-135,[]
136,Chitrakoot,UTTAR PRADESH,chitrakoot-136,[]
137,Deoria,UTTAR PRADESH,deoria-137,[]
138,Etah,UTTAR PRADESH,etah-138,[]
139,Etawah,UTTAR PRADESH,etawah-139,[]
140,Ayodhya,UTTAR PRADESH,ayodhya-140,[]
141,Farrukhabad,UTTAR PRADESH,farrukhabad-141,[]
142,Fatehpur,UTTAR PRADESH,fatehpur-142,[]
143,Firozabad,UTTAR PRADESH,firozabad-143,[]
144,Gautam Buddha Nagar,UTTAR PRADESH,gautam-buddha-nagar-144,[]
145,Ghaziabad,UTTAR PRADESH,ghaziabad-145,[]
146,Ghazipur,UTTAR PRADESH,ghazipur-146,[]
147,Gonda,UTTAR PRADESH,gonda-147,[]
148,Gorakhpur,UTTAR PRADESH,gorakhpur-148,[]
149,Hamirpur,UTTAR PRADESH,hamirpur-149,[]
150,Hardoi,UTTAR PRADESH,hardoi-150,[]
151,Jalaun,UTTAR PRADESH,jalaun-151,[]
152,Jaunpur,UTTAR PRADESH,jaunpur-152,[]
153,Jhansi,UTTAR PRADESH,jhansi-153,[]
154,Amroha,UTTAR PRADESH,amroha-154,[]
155,Kannauj,UTTAR PRADESH,kannauj-155,[]
156,Kanpur Dehat,UTTAR PRADESH,kanpur-dehat-156,[]
157,Kanpur Nagar,UTTAR PRADESH,kanpur-nagar-157,[]
158,Kaushambi,UTTAR PRADESH,kaushambi-158,[]
159,Kheri,UTTAR PRADESH,kheri-159,[]
160,Kushi Nagar,UTTAR PRADESH,kushi-nagar-160,[]
161,Lalitpur,UTTAR PRADESH,lalitpur-161,[]
162,Lucknow,UTTAR PRADESH,lucknow-162,[]
163,Hathras,UTTAR PRADESH,hathras-163,[]
164,Maharajganj,UTTAR PRADESH,maharajganj-164,[]
165,Mahoba,UTTAR PRADESH,mahoba-165,[]
166,Mainpuri,UTTAR PRADESH,mainpuri-166,[]
167,Mathura,UTTAR PRADESH,mathura-167,[]
168,Mau,UTTAR PRADESH,mau-168,[]
169,Meerut,UTTAR PRADESH,meerut-169,[]
170,Mirzapur,UTTAR PRADESH,mirzapur-170,[]
171,Moradabad,UTTAR PRADESH,moradabad-171,[]
172,Muzaffarnagar,UTTAR PRADESH,muzaffarnagar-172,[]
173,Pilibhit,UTTAR PRADESH,pilibhit-173,[]
174,Pratapgarh,UTTAR PRADESH,pratapgarh-174,[]
175,Rae Bareli,UTTAR PRADESH,rae-bareli-175,[]
176,Rampur,UTTAR PRADESH,rampur-176,[]
177,Saharanpur,UTTAR PRADESH,saharanpur-177,[]
178,Sant Kabeer Nagar,UTTAR PRADESH,sant-kabeer-nagar-178,[]
179,Bhadohi,UTTAR PRADESH,bhadohi-179,[]
180,Shahjahanpur,UTTAR PRADESH,shahjahanpur-180,[]
181,Shravasti,UTTAR PRADESH,shravasti-181,[]
182,Siddharth Nagar,UTTAR PRADESH,siddharth-nagar-182,[]
183,Sitapur,UTTAR PRADESH,sitapur-183,[]
184,Sonbhadra,UTTAR PRADESH,sonbhadra-184,[]
185,Sultanpur,UTTAR PRADESH,sultanpur-185,[]
186,Unnao,UTTAR PRADESH,unnao-186,[]
187,Varanasi,UTTAR PRADESH,varanasi-187,[]
188,Araria,BIHAR,araria-188,[]
189,Aurangabad,BIHAR,aurangabad-189,[]
190,Banka,BIHAR,banka-190,[]
191,Begusarai,BIHAR,begusarai-191,[]
192,Bhagalpur,BIHAR,bhagalpur-192,[]
193,Bhojpur,BIHAR,bhojpur-193,[]
194,Buxar,BIHAR,buxar-194,[]
195,Darbhanga,BIHAR,darbhanga-195,[]
196,Gaya,BIHAR,gaya-196,[]
197,Gopalganj,BIHAR,gopalganj-197,[]
198,Jamui,BIHAR,jamui-198,[]
199,Jehanabad,BIHAR,jehanabad-199,[]
200,Kaimur (Bhabua),BIHAR,kaimur-bhabua-200,[]
201,Katihar,BIHAR,katihar-201,[]
202,Khagaria,BIHAR,khagaria-202,[]
203,Kishanganj,BIHAR,kishanganj-203,[]
204,Lakhisarai,BIHAR,lakhisarai-204,[]
205,Madhepura,BIHAR,madhepura-205,[]
206,Madhubani,BIHAR,madhubani-206,[]
207,Munger,BIHAR,munger-207,[]
208,Muzaffarpur,BIHAR,muzaffarpur-208,[]
209,Nalanda,BIHAR,nalanda-209,[]
210,Nawada,BIHAR,nawada-210,[]
211,Pashchim Champaran,BIHAR,pashchim-champaran-211,[]
212,Patna,BIHAR,patna-212,[]
213,Purbi Champaran,BIHAR,purbi-champaran-213,[]
214,Purnia,BIHAR,purnia-214,[]
215,Rohtas,BIHAR,rohtas-215,[]
216,Saharsa,BIHAR,saharsa-216,[]
217,Samastipur,BIHAR,samastipur-217,[]
218,Saran,BIHAR,saran-218,[]
219,Sheikhpura,BIHAR,sheikhpura-219,[]
220,Sheohar,BIHAR,sheohar-220,[]
221,Sitamarhi,BIHAR,sitamarhi-221,[]
222,Siwan,BIHAR,siwan-222,[]
223,Supaul,BIHAR,supaul-223,[]
224,Vaishali,BIHAR,vaishali-224,[]
225,Gangtok,SIKKIM,gangtok-225,[]
226,Mangan,SIKKIM,mangan-226,[]
227,Namchi,SIKKIM,namchi-227,[]
228,Gyalshing,SIKKIM,gyalshing-228,[]
229,Changlang,ARUNACHAL PRADESH,changlang-229,[]
230,Dibang Valley,ARUNACHAL PRADESH,dibang-valley-230,[]
231,East Kameng,ARUNACHAL PRADESH,east-kameng-231,[]
232,East Siang,ARUNACHAL PRADESH,east-siang-232,[]
233,Kurung Kumey,ARUNACHAL PRADESH,kurung-kumey-233,[]
234,Lohit,ARUNACHAL PRADESH,lohit-234,[]
235,Lower Dibang Valley,ARUNACHAL PRADESH,lower-dibang-valley-235,[]
236,Lower Subansiri,ARUNACHAL PRADESH,lower-subansiri-236,[]
237,Papum Pare,ARUNACHAL PRADESH,papum-pare-237,[]
238,Tawang,ARUNACHAL PRADESH,tawang-238,[]
239,Tirap,ARUNACHAL PRADESH,tirap-239,[]
240,Upper Siang,ARUNACHAL PRADESH,upper-siang-240,[]
241,Upper Subansiri,ARUNACHAL PRADESH,upper-subansiri-241,[]
242,West Kameng,ARUNACHAL PRADESH,west-kameng-242,[]
243,West Siang,ARUNACHAL PRADESH,west-siang-243,[]
244,Dimapur,NAGALAND,dimapur-244,[]
245,Kohima,NAGALAND,kohima-245,[]
246,Mokokchung,NAGALAND,mokokchung-246,[]
247,Mon,NAGALAND,mon-247,[]
248,Phek,NAGALAND,phek-248,[]
249,Tuensang,NAGALAND,tuensang-249,[]
250,Wokha,NAGALAND,wokha-250,[]
251,Zunheboto,NAGALAND,zunheboto-251,[]
252,Bishnupur,MANIPUR,bishnupur-252,[]
253,Chandel,MANIPUR,chandel-253,[]
254,Churachandpur,MANIPUR,churachandpur-254,[]
255,Imphal East,MANIPUR,imphal-east-255,[]
256,Imphal West,MANIPUR,imphal-west-256,[]
257,Senapati,MANIPUR,senapati-257,[]
258,Tamenglong,MANIPUR,tamenglong-258,[]
259,Thoubal,MANIPUR,thoubal-259,[]
260,Ukhrul,MANIPUR,ukhrul-260,[]
261,Aizawl,MIZORAM,aizawl-261,[]
262,Champhai,MIZORAM,champhai-262,[]
263,Kolasib,MIZORAM,kolasib-263,[]
264,Lawngtlai,MIZORAM,lawngtlai-264,[]
265,Lunglei,MIZORAM,lunglei-265,[]
266,Mamit,MIZORAM,mamit-266,[]
267,Saiha,MIZORAM,saiha-267,[]
268,Serchhip,MIZORAM,serchhip-268,[]
269,Dhalai,TRIPURA,dhalai-269,[]
270,North Tripura,TRIPURA,north-tripura-270,[]
271,South Tripura,TRIPURA,south-tripura-271,[]
272,West Tripura,TRIPURA,west-tripura-272,[]
273,East Garo Hills,MEGHALAYA,east-garo-hills-273,[]
274,East Khasi Hills,MEGHALAYA,east-khasi-hills-274,[]
275,West Jaintia Hills,MEGHALAYA,west-jaintia-hills-275,[]
276,Ri Bhoi,MEGHALAYA,ri-bhoi-276,[]
277,South Garo Hills,MEGHALAYA,south-garo-hills-277,[]
278,West Garo Hills,MEGHALAYA,west-garo-hills-278,[]
279,West Khasi Hills,MEGHALAYA,west-khasi-hills-279,[]
280,Barpeta,ASSAM,barpeta-280,[]
281,Bongaigaon,ASSAM,bongaigaon-281,[]
282,Cachar,ASSAM,cachar-282,[]
283,Darrang,ASSAM,darrang-283,[]
284,Dhemaji,ASSAM,dhemaji-284,[]
285,Dhubri,ASSAM,dhubri-285,[]
286,Dibrugarh,ASSAM,dibrugarh-286,[]
287,Goalpara,ASSAM,goalpara-287,[]
288,Golaghat,ASSAM,golaghat-288,[]
289,Hailakandi,ASSAM,hailakandi-289,[]
290,Jorhat,ASSAM,jorhat-290,[]
291,Kamrup,ASSAM,kamrup-291,[]
292,Karbi Anglong,ASSAM,karbi-anglong-292,[]
293,Karimganj,ASSAM,karimganj-293,[]
294,Kokrajhar,ASSAM,kokrajhar-294,[]
295,Lakhimpur,ASSAM,lakhimpur-295,[]
296,Marigaon,ASSAM,marigaon-296,[]
297,Nagaon,ASSAM,nagaon-297,[]
298,Nalbari,ASSAM,nalbari-298,[]
299,Dima Hasao,ASSAM,dima-hasao-299,[]
300,Sivasagar,ASSAM,sivasagar-300,[]
301,Sonitpur,ASSAM,sonitpur-301,[]
302,Tinsukia,ASSAM,tinsukia-302,[]
303,24 Paraganas North,WEST BENGAL,24-paraganas-north-303,[]
304,24 Paraganas South,WEST BENGAL,24-paraganas-south-304,[]
305,Bankura,WEST BENGAL,bankura-305,[]
306,Purba Bardhaman,WEST BENGAL,purba-bardhaman-306,[]
307,Birbhum,WEST BENGAL,birbhum-307,[]
308,Coochbehar,WEST BENGAL,coochbehar-308,[]
309,Darjeeling,WEST BENGAL,darjeeling-309,[]
310,Dinajpur Dakshin,WEST BENGAL,dinajpur-dakshin-310,[]
311,Dinajpur Uttar,WEST BENGAL,dinajpur-uttar-311,[]
312,Hooghly,WEST BENGAL,hooghly-312,[]
313,Howrah,WEST BENGAL,howrah-313,[]
314,Jalpaiguri,WEST BENGAL,jalpaiguri-314,[]
315,Kolkata,WEST BENGAL,kolkata-315,[]
316,Maldah,WEST BENGAL,maldah-316,[]
317,Medinipur East,WEST BENGAL,medinipur-east-317,[]
318,Medinipur West,WEST BENGAL,medinipur-west-318,[]
319,Murshidabad,WEST BENGAL,murshidabad-319,[]
320,Nadia,WEST BENGAL,nadia-320,[]
321,Purulia,WEST BENGAL,purulia-321,[]
322,Bokaro,JHARKHAND,bokaro-322,[]
323,Chatra,JHARKHAND,chatra-323,[]
324,Deoghar,JHARKHAND,deoghar-324,[]
325,Dhanbad,JHARKHAND,dhanbad-325,[]
326,Dumka,JHARKHAND,dumka-326,[]
327,East Singhbum,JHARKHAND,east-singhbum-327,[]
328,Garhwa,JHARKHAND,garhwa-328,[]
329,Giridih,JHARKHAND,giridih-329,[]
330,Godda,JHARKHAND,godda-330,[]
331,Gumla,JHARKHAND,gumla-331,[]
332,Hazaribagh,JHARKHAND,hazaribagh-332,[]
333,Jamtara,JHARKHAND,jamtara-333,[]
334,Koderma,JHARKHAND,koderma-334,[]
335,Latehar,JHARKHAND,latehar-335,[]
336,Lohardaga,JHARKHAND,lohardaga-336,[]
337,Pakur,JHARKHAND,pakur-337,[]
338,Palamu,JHARKHAND,palamu-338,[]
339,Ranchi,JHARKHAND,ranchi-339,[]
340,Sahebganj,JHARKHAND,sahebganj-340,[]
341,Saraikela Kharsawan,JHARKHAND,saraikela-kharsawan-341,[]
342,Simdega,JHARKHAND,simdega-342,[]
343,West Singhbhum,JHARKHAND,west-singhbhum-343,[]
344,Anugul,ODISHA,anugul-344,[]
345,Balangir,ODISHA,balangir-345,[]
346,Baleshwar,ODISHA,baleshwar-346,[]
347,Bargarh,ODISHA,bargarh-347,[]
348,Bhadrak,ODISHA,bhadrak-348,[]
349,Boudh,ODISHA,boudh-349,[]
350,Cuttack,ODISHA,cuttack-350,[]
351,Deogarh,ODISHA,deogarh-351,[]
352,Dhenkanal,ODISHA,dhenkanal-352,[]
353,Gajapati,ODISHA,gajapati-353,[]
354,Ganjam,ODISHA,ganjam-354,[]
355,Jagatsinghapur,ODISHA,jagatsinghapur-355,[]
356,Jajapur,ODISHA,jajapur-356,[]
357,Jharsuguda,ODISHA,jharsuguda-357,[]
358,Kalahandi,ODISHA,kalahandi-358,[]
359,Kandhamal,ODISHA,kandhamal-359,[]
360,Kendrapara,ODISHA,kendrapara-360,[]
361,Kendujhar,ODISHA,kendujhar-361,[]
362,Khordha,ODISHA,khordha-362,[]
363,Koraput,ODISHA,koraput-363,[]
364,Malkangiri,ODISHA,malkangiri-364,[]
365,Mayurbhanj,ODISHA,mayurbhanj-365,[]
366,Nabarangpur,ODISHA,nabarangpur-366,[]
367,Nayagarh,ODISHA,nayagarh-367,[]
368,Nuapada,ODISHA,nuapada-368,[]
369,Puri,ODISHA,puri-369,[]
370,Rayagada,ODISHA,rayagada-370,[]
371,Sambalpur,ODISHA,sambalpur-371,[]
372,Sonepur,ODISHA,sonepur-372,[]
373,Sundargarh,ODISHA,sundargarh-373,[]
374,Bastar,CHHATTISGARH,bastar-374,[]
375,Bilaspur,CHHATTISGARH,bilaspur-375,[]
376,Dantewada,CHHATTISGARH,dantewada-376,[]
377,Dhamtari,CHHATTISGARH,dhamtari-377,[]
378,Durg,CHHATTISGARH,durg-378,[]
379,Janjgir-Champa,CHHATTISGARH,janjgir-champa-379,[]
380,Jashpur,CHHATTISGARH,jashpur-380,[]
381,Kanker,CHHATTISGARH,kanker-381,[]
382,Kabirdham,CHHATTISGARH,kabirdham-382,[]
383,Korba,CHHATTISGARH,korba-383,[]
384,Korea,CHHATTISGARH,korea-384,[]
385,Mahasamund,CHHATTISGARH,mahasamund-385,[]
386,Raigarh,CHHATTISGARH,raigarh-386,[]
387,Raipur,CHHATTISGARH,raipur-387,[]
388,Rajnandgaon,CHHATTISGARH,rajnandgaon-388,[]
389,Surguja,CHHATTISGARH,surguja-389,[]
390,Anuppur,MADHYA PRADESH,anuppur-390,[]
391,Ashoknagar,MADHYA PRADESH,ashoknagar-391,[]
392,Balaghat,MADHYA PRADESH,balaghat-392,[]
393,Barwani,MADHYA PRADESH,barwani-393,[]
394,Betul,MADHYA PRADESH,betul-394,[]
395,Bhind,MADHYA PRADESH,bhind-395,[]
396,Bhopal,MADHYA PRADESH,bhopal-396,[]
397,Burhanpur,MADHYA PRADESH,burhanpur-397,[]
398,Chhatarpur,MADHYA PRADESH,chhatarpur-398,[]
399,Chhindwara,MADHYA PRADESH,chhindwara-399,[]
400,Damoh,MADHYA PRADESH,damoh-400,[]
401,Datia,MADHYA PRADESH,datia-401,[]
402,Dewas,MADHYA PRADESH,dewas-402,[]
403,Dhar,MADHYA PRADESH,dhar-403,[]
404,Dindori,MADHYA PRADESH,dindori-404,[]
405,East Nimar,MADHYA PRADESH,east-nimar-405,[]
406,Guna,MADHYA PRADESH,guna-406,[]
407,Gwalior,MADHYA PRADESH,gwalior-407,[]
408,Harda,MADHYA PRADESH,harda-408,[]
409,Narmadapuram,MADHYA PRADESH,narmadapuram-409,[]
410,Indore,MADHYA PRADESH,indore-410,[]
411,Jabalpur,MADHYA PRADESH,jabalpur-411,[]
412,Jhabua,MADHYA PRADESH,jhabua-412,[]
413,Katni,MADHYA PRADESH,katni-413,[]
414,Khargone,MADHYA PRADESH,khargone-414,[]
415,Mandla,MADHYA PRADESH,mandla-415,[]
416,Mandsaur,MADHYA PRADESH,mandsaur-416,[]
417,Morena,MADHYA PRADESH,morena-417,[]
418,Narsinghpur,MADHYA PRADESH,narsinghpur-418,[]
419,Neemuch,MADHYA PRADESH,neemuch-419,[]
420,Panna,MADHYA PRADESH,panna-420,[]
421,Raisen,MADHYA PRADESH,raisen-421,[]
422,Rajgarh,MADHYA PRADESH,rajgarh-422,[]
423,Ratlam,MADHYA PRADESH,ratlam-423,[]
424,Rewa,MADHYA PRADESH,rewa-424,[]
425,Sagar,MADHYA PRADESH,sagar-425,[]
426,Satna,MADHYA PRADESH,satna-426,[]
427,Sehore,MADHYA PRADESH,sehore-427,[]
428,Seoni,MADHYA PRADESH,seoni-428,[]
429,Shahdol,MADHYA PRADESH,shahdol-429,[]
430,Shajapur,MADHYA PRADESH,shajapur-430,[]
431,Sheopur,MADHYA PRADESH,sheopur-431,[]
432,Shivpuri,MADHYA PRADESH,shivpuri-432,[]
433,Sidhi,MADHYA PRADESH,sidhi-433,[]
434,Tikamgarh,MADHYA PRADESH,tikamgarh-434,[]
435,Ujjain,MADHYA PRADESH,ujjain-435,[]
436,Umaria,MADHYA PRADESH,umaria-436,[]
437,Vidisha,MADHYA PRADESH,vidisha-437,[]
438,Ahmadabad,GUJARAT,ahmadabad-438,[]
439,Amreli,GUJARAT,amreli-439,[]
440,Anand,GUJARAT,anand-440,[]
441,Banas Kantha,GUJARAT,banas-kantha-441,[]
442,Bharuch,GUJARAT,bharuch-442,[]
443,Bhavnagar,GUJARAT,bhavnagar-443,[]
444,Dang,GUJARAT,dang-444,[]
445,Dohad,GUJARAT,dohad-445,[]
446,Gandhinagar,GUJARAT,gandhinagar-446,[]
447,Jamnagar,GUJARAT,jamnagar-447,[]
448,Junagadh,GUJARAT,junagadh-448,[]
449,Kachchh,GUJARAT,kachchh-449,[]
450,Kheda,GUJARAT,kheda-450,[]
451,Mahesana,GUJARAT,mahesana-451,[]
452,Narmada,GUJARAT,narmada-452,[]
453,Navsari,GUJARAT,navsari-453,[]
454,Panch Mahals,GUJARAT,panch-mahals-454,[]
455,Patan,GUJARAT,patan-455,[]
456,Porbandar,GUJARAT,porbandar-456,[]
457,Rajkot,GUJARAT,rajkot-457,[]
458,Sabar Kantha,GUJARAT,sabar-kantha-458,[]
459,Surat,GUJARAT,surat-459,[]
460,Surendranagar,GUJARAT,surendranagar-460,[]
461,Vadodara,GUJARAT,vadodara-461,[]
462,Valsad,GUJARAT,valsad-462,[]
463,Daman,"DADRA,NAGAR HAVELI,DAMAN & DIU",daman-463,[]
464,Diu,"DADRA,NAGAR HAVELI,DAMAN & DIU",diu-464,[]
465,Dadra And Nagar Haveli,"DADRA,NAGAR HAVELI,DAMAN & DIU",dadra-and-nagar-haveli-465,[]
466,Ahmednagar,MAHARASHTRA,ahmednagar-466,[]
467,Akola,MAHARASHTRA,akola-467,[]
468,Amravati,MAHARASHTRA,amravati-468,[]
469,Aurangabad,MAHARASHTRA,aurangabad-469,[]
470,Beed,MAHARASHTRA,beed-470,[]
471,Bhandara,MAHARASHTRA,bhandara-471,[]
472,Buldhana,MAHARASHTRA,buldhana-472,[]
473,Chandrapur,MAHARASHTRA,chandrapur-473,[]
474,Dhule,MAHARASHTRA,dhule-474,[]
475,Gadchiroli,MAHARASHTRA,gadchiroli-475,[]
476,Gondia,MAHARASHTRA,gondia-476,[]
477,Hingoli,MAHARASHTRA,hingoli-477,[]
478,Jalgaon,MAHARASHTRA,jalgaon-478,[]
479,Jalna,MAHARASHTRA,jalna-479,[]
480,Kolhapur,MAHARASHTRA,kolhapur-480,[]
481,Latur,MAHARASHTRA,latur-481,[]
482,Mumbai,MAHARASHTRA,mumbai-482,[]
483,Mumbai Suburban,MAHARASHTRA,mumbai-suburban-483,[]
484,Nagpur,MAHARASHTRA,nagpur-484,[]
485,Nanded,MAHARASHTRA,nanded-485,[]
486,Nandurbar,MAHARASHTRA,nandurbar-486,[]
487,Nashik,MAHARASHTRA,nashik-487,[]
488,Osmanabad,MAHARASHTRA,osmanabad-488,[]
489,Parbhani,MAHARASHTRA,parbhani-489,[]
490,Pune,MAHARASHTRA,pune-490,[]
491,Raigad,MAHARASHTRA,raigad-491,[]
492,Ratnagiri,MAHARASHTRA,ratnagiri-492,[]
493,Sangli,MAHARASHTRA,sangli-493,[]
494,Satara,MAHARASHTRA,satara-494,[]
495,Sindhudurg,MAHARASHTRA,sindhudurg-495,[]
496,Solapur,MAHARASHTRA,solapur-496,[]
497,Thane,MAHARASHTRA,thane-497,[]
498,Wardha,MAHARASHTRA,wardha-498,[]
499,Washim,MAHARASHTRA,washim-499,[]
500,Yavatmal,MAHARASHTRA,yavatmal-500,[]
501,Adilabad,TELANGANA,adilabad-501,[]
502,Anantapur,ANDHRA PRADESH,anantapur-502,[]
503,Chittoor,ANDHRA PRADESH,chittoor-503,[]
504,Y.S.R.,ANDHRA PRADESH,y-s-r-504,[]
505,East Godavari,ANDHRA PRADESH,east-godavari-505,[]
506,Guntur,ANDHRA PRADESH,guntur-506,[]
507,Hyderabad,TELANGANA,hyderabad-507,[]
508,Karimnagar,TELANGANA,karimnagar-508,[]
509,Khammam,TELANGANA,khammam-509,[]
510,Krishna,ANDHRA PRADESH,krishna-510,[]
511,Kurnool,ANDHRA PRADESH,kurnool-511,[]
512,Mahabubnagar,TELANGANA,mahabubnagar-512,[]
513,Medak,TELANGANA,medak-513,[]
514,Nalgonda,TELANGANA,nalgonda-514,[]
515,Spsr Nellore,ANDHRA PRADESH,spsr-nellore-515,[]
516,Nizamabad,TELANGANA,nizamabad-516,[]
517,Prakasam,ANDHRA PRADESH,prakasam-517,[]
518,Ranga Reddy,TELANGANA,ranga-reddy-518,[]
519,Srikakulam,ANDHRA PRADESH,srikakulam-519,[]
520,Visakhapatanam,ANDHRA PRADESH,visakhapatanam-520,[]
521,Vizianagaram,ANDHRA PRADESH,vizianagaram-521,[]
522,Warangal,TELANGANA,warangal-522,[]
523,West Godavari,ANDHRA PRADESH,west-godavari-523,[]
524,Bagalkote,KARNATAKA,bagalkote-524,[]
525,Bengaluru Urban,KARNATAKA,bengaluru-urban-525,[]
526,Bengaluru Rural,KARNATAKA,bengaluru-rural-526,[]
527,Belagavi,KARNATAKA,belagavi-527,[]
528,Ballari,KARNATAKA,ballari-528,[]
529,Bidar,KARNATAKA,bidar-529,[]
530,Vijayapura,KARNATAKA,vijayapura-530,[]
531,Chamarajanagara,KARNATAKA,chamarajanagara-531,[]
532,Chikkamagaluru,KARNATAKA,chikkamagaluru-532,[]
533,Chitradurga,KARNATAKA,chitradurga-533,[]
534,Dakshina Kannada,KARNATAKA,dakshina-kannada-534,[]
535,Davangere,KARNATAKA,davangere-535,[]
536,Dharwad,KARNATAKA,dharwad-536,[]
537,Gadag,KARNATAKA,gadag-537,[]
538,Kalaburagi,KARNATAKA,kalaburagi-538,[]
539,Hassan,KARNATAKA,hassan-539,[]
540,Haveri,KARNATAKA,haveri-540,[]
541,Kodagu,KARNATAKA,kodagu-541,[]
542,Kolar,KARNATAKA,kolar-542,[]
543,Koppal,KARNATAKA,koppal-543,[]
544,Mandya,KARNATAKA,mandya-544,[]
545,Mysuru,KARNATAKA,mysuru-545,[]
546,Raichur,KARNATAKA,raichur-546,[]
547,Shivamogga,KARNATAKA,shivamogga-547,[]
548,Tumakuru,KARNATAKA,tumakuru-548,[]
549,Udupi,KARNATAKA,udupi-549,[]
550,Uttara Kannada,KARNATAKA,uttara-kannada-550,[]
551,North Goa,GOA,north-goa-551,[]
552,South Goa,GOA,south-goa-552,[]
553,Lakshadweep District,LAKSHADWEEP,lakshadweep-district-553,[]
554,Alappuzha,KERALA,alappuzha-554,[]
555,Ernakulam,KERALA,ernakulam-555,[]
556,Idukki,KERALA,idukki-556,[]
557,Kannur,KERALA,kannur-557,[]
558,Kasaragod,KERALA,kasaragod-558,[]
559,Kollam,KERALA,kollam-559,[]
560,Kottayam,KERALA,kottayam-560,[]
561,Kozhikode,KERALA,kozhikode-561,[]
562,Malappuram,KERALA,malappuram-562,[]
563,Palakkad,KERALA,palakkad-563,[]
564,Pathanamthitta,KERALA,pathanamthitta-564,[]
565,Thiruvananthapuram,KERALA,thiruvananthapuram-565,[]
566,Thrissur,KERALA,thrissur-566,[]
567,Wayanad,KERALA,wayanad-567,[]
568,Chennai,TAMIL NADU,chennai-568,[]
569,Coimbatore,TAMIL NADU,coimbatore-569,[]
570,Cuddalore,TAMIL NADU,cuddalore-570,[]
571,Dharmapuri,TAMIL NADU,dharmapuri-571,[]
572,Dindigul,TAMIL NADU,dindigul-572,[]
573,Erode,TAMIL NADU,erode-573,[]
574,Kanchipuram,TAMIL NADU,kanchipuram-574,[]
575,Kanniyakumari,TAMIL NADU,kanniyakumari-575,[]
576,Karur,TAMIL NADU,karur-576,[]
577,Krishnagiri,TAMIL NADU,krishnagiri-577,[]
578,Madurai,TAMIL NADU,madurai-578,[]
579,Nagapattinam,TAMIL NADU,nagapattinam-579,[]
580,Namakkal,TAMIL NADU,namakkal-580,[]
581,Perambalur,TAMIL NADU,perambalur-581,[]
582,Pudukkottai,TAMIL NADU,pudukkottai-582,[]
583,Ramanathapuram,TAMIL NADU,ramanathapuram-583,[]
584,Salem,TAMIL NADU,salem-584,[]
585,Sivaganga,TAMIL NADU,sivaganga-585,[]
586,Thanjavur,TAMIL NADU,thanjavur-586,[]
587,The Nilgiris,TAMIL NADU,the-nilgiris-587,[]
588,Theni,TAMIL NADU,theni-588,[]
589,Thiruvallur,TAMIL NADU,thiruvallur-589,[]
590,Thiruvarur,TAMIL NADU,thiruvarur-590,[]
591,Tiruchirappalli,TAMIL NADU,tiruchirappalli-591,[]
592,Tirunelveli,TAMIL NADU,tirunelveli-592,[]
593,Tiruvannamalai,TAMIL NADU,tiruvannamalai-593,[]
594,Tuticorin,TAMIL NADU,tuticorin-594,[]
595,Vellore,TAMIL NADU,vellore-595,[]
596,Villupuram,TAMIL NADU,villupuram-596,[]
597,Virudhunagar,TAMIL NADU,virudhunagar-597,[]
598,Karaikal,PUDUCHERRY,karaikal-598,[]
599,Mahe,PUDUCHERRY,mahe-599,[]
600,Pondicherry,PUDUCHERRY,pondicherry-600,[]
601,Yanam,PUDUCHERRY,yanam-601,[]
602,South Andamans,ANDAMAN & NICOBAR,south-andamans-602,[]
603,Nicobars,ANDAMAN & NICOBAR,nicobars-603,[]
604,Nuh,HARYANA,nuh-604,[]
605,Barnala,PUNJAB,barnala-605,[]
606,Khunti,JHARKHAND,khunti-606,[]
607,Ramgarh,JHARKHAND,ramgarh-607,[]
608,S.A.S Nagar,PUNJAB,s-a-s-nagar-608,[]
609,Tarn Taran,PUNJAB,tarn-taran-609,[]
610,Ariyalur,TAMIL NADU,ariyalur-610,[]
611,Arwal,BIHAR,arwal-611,[]
612,Chirang,ASSAM,chirang-612,[]
613,Peren,NAGALAND,peren-613,[]
614,Kiphire,NAGALAND,kiphire-614,[]
615,Longleng,NAGALAND,longleng-615,[]
616,Baksa,ASSAM,baksa-616,[]
617,Udalguri,ASSAM,udalguri-617,[]
618,Kamrup Metro,ASSAM,kamrup-metro-618,[]
619,Palwal,HARYANA,palwal-619,[]
620,Kishtwar,JAMMU & KASHMIR,kishtwar-620,[]
621,Ramban,JAMMU & KASHMIR,ramban-621,[]
622,Kulgam,JAMMU & KASHMIR,kulgam-622,[]
623,Bandipora,JAMMU & KASHMIR,bandipora-623,[]
624,Samba,JAMMU & KASHMIR,samba-624,[]
625,Shopian,JAMMU & KASHMIR,shopian-625,[]
626,Ganderbal,JAMMU & KASHMIR,ganderbal-626,[]
627,Reasi,JAMMU & KASHMIR,reasi-627,[]
628,Anjaw,ARUNACHAL PRADESH,anjaw-628,[]
629,Pratapgarh,RAJASTHAN,pratapgarh-629,[]
630,Chikkaballapura,KARNATAKA,chikkaballapura-630,[]
631,Ramanagara,KARNATAKA,ramanagara-631,[]
632,North And Middle Andaman,ANDAMAN & NICOBAR,north-and-middle-andaman-632,[]
633,Kasganj,UTTAR PRADESH,kasganj-633,[]
634,Tiruppur,TAMIL NADU,tiruppur-634,[]
635,Yadgir,KARNATAKA,yadgir-635,[]
636,Bijapur,CHHATTISGARH,bijapur-636,[]
637,Narayanpur,CHHATTISGARH,narayanpur-637,[]
638,Singrauli,MADHYA PRADESH,singrauli-638,[]
639,Alirajpur,MADHYA PRADESH,alirajpur-639,[]
640,Amethi,UTTAR PRADESH,amethi-640,[]
641,Tapi,GUJARAT,tapi-641,[]
642,Sukma,CHHATTISGARH,sukma-642,[]
643,Kondagaon,CHHATTISGARH,kondagaon-643,[]
644,Baloda Bazar,CHHATTISGARH,baloda-bazar-644,[]
645,Gariyaband,CHHATTISGARH,gariyaband-645,[]
646,Balod,CHHATTISGARH,balod-646,[]
647,Mungeli,CHHATTISGARH,mungeli-647,[]
648,Surajpur,CHHATTISGARH,surajpur-648,[]
649,Balrampur,CHHATTISGARH,balrampur-649,[]
650,Bemetara,CHHATTISGARH,bemetara-650,[]
651,Fazilka,PUNJAB,fazilka-651,[]
652,Khowai,TRIPURA,khowai-652,[]
653,Sepahijala,TRIPURA,sepahijala-653,[]
654,Gomati,TRIPURA,gomati-654,[]
655,Unakoti,TRIPURA,unakoti-655,[]
656,North Garo Hills,MEGHALAYA,north-garo-hills-656,[]
657,East Jaintia Hills,MEGHALAYA,east-jaintia-hills-657,[]
658,South West Khasi Hills,MEGHALAYA,south-west-khasi-hills-658,[]
659,Sambhal,UTTAR PRADESH,sambhal-659,[]
660,Shamli,UTTAR PRADESH,shamli-660,[]
661,Hapur,UTTAR PRADESH,hapur-661,[]
662,Pathankot,PUNJAB,pathankot-662,[]
663,South West Garo Hills,MEGHALAYA,south-west-garo-hills-663,[]
664,Alipurduar,WEST BENGAL,alipurduar-664,[]
665,Palghar,MAHARASHTRA,palghar-665,[]
666,Longding,ARUNACHAL PRADESH,longding-666,[]
667,Agar Malwa,MADHYA PRADESH,agar-malwa-667,[]
668,Chhotaudepur,GUJARAT,chhotaudepur-668,[]
669,Mahisagar,GUJARAT,mahisagar-669,[]
670,South East,DELHI,south-east-670,[]
671,Shahdara,DELHI,shahdara-671,[]
672,Arvalli,GUJARAT,arvalli-672,[]
673,Morbi,GUJARAT,morbi-673,[]
674,Devbhumi Dwarka,GUJARAT,devbhumi-dwarka-674,[]
675,Gir Somnath,GUJARAT,gir-somnath-675,[]
676,Botad,GUJARAT,botad-676,[]
677,Kra Daadi,ARUNACHAL PRADESH,kra-daadi-677,[]
678,Namsai,ARUNACHAL PRADESH,namsai-678,[]
679,Siang,ARUNACHAL PRADESH,siang-679,[]
680,Nirmal,TELANGANA,nirmal-680,[]
681,Jagitial,TELANGANA,jagitial-681,[]
682,Peddapalli,TELANGANA,peddapalli-682,[]
683,Rajanna Sircilla,TELANGANA,rajanna-sircilla-683,[]
684,Mancherial,TELANGANA,mancherial-684,[]
685,Kamareddy,TELANGANA,kamareddy-685,[]
686,Hanumakonda,TELANGANA,hanumakonda-686,[]
687,Jayashankar Bhupalapally,TELANGANA,jayashankar-bhupalapally-687,[]
688,Mahabubabad,TELANGANA,mahabubabad-688,[]
689,Jangoan,TELANGANA,jangoan-689,[]
690,Bhadradri Kothagudem,TELANGANA,bhadradri-kothagudem-690,[]
691,Sangareddy,TELANGANA,sangareddy-691,[]
692,Siddipet,TELANGANA,siddipet-692,[]
693,Wanaparthy,TELANGANA,wanaparthy-693,[]
694,Nagarkurnool,TELANGANA,nagarkurnool-694,[]
695,Jogulamba Gadwal,TELANGANA,jogulamba-gadwal-695,[]
696,Suryapet,TELANGANA,suryapet-696,[]
697,Yadadri Bhuvanagiri,TELANGANA,yadadri-bhuvanagiri-697,[]
698,Vikarabad,TELANGANA,vikarabad-698,[]
699,Kumuram Bheem Asifabad,TELANGANA,kumuram-bheem-asifabad-699,[]
700,Medchal Malkajgiri,TELANGANA,medchal-malkajgiri-700,[]
701,Charki Dadri,HARYANA,charki-dadri-701,[]
702,Kalimpong,WEST BENGAL,kalimpong-702,[]
703,Jhargram,WEST BENGAL,jhargram-703,[]
704,Paschim Bardhaman,WEST BENGAL,paschim-bardhaman-704,[]
705,Biswanath,ASSAM,biswanath-705,[]
706,Majuli,ASSAM,majuli-706,[]
707,South Salmara Mancachar,ASSAM,south-salmara-mancachar-707,[]
708,Charaideo,ASSAM,charaideo-708,[]
709,Hojai,ASSAM,hojai-709,[]
710,West Karbi Anglong,ASSAM,west-karbi-anglong-710,[]
711,Kakching,MANIPUR,kakching-711,[]
712,Kangpokpi,MANIPUR,kangpokpi-712,[]
713,Jiribam,MANIPUR,jiribam-713,[]
714,Noney,MANIPUR,noney-714,[]
715,Pherzawl,MANIPUR,pherzawl-715,[]
716,Tengnoupal,MANIPUR,tengnoupal-716,[]
717,Kamjong,MANIPUR,kamjong-717,[]
718,Kamle,ARUNACHAL PRADESH,kamle-718,[]
719,Lower Siang,ARUNACHAL PRADESH,lower-siang-719,[]
720,Mulugu,TELANGANA,mulugu-720,[]
721,Narayanpet,TELANGANA,narayanpet-721,[]
722,Niwari,MADHYA PRADESH,niwari-722,[]
723,Pakke Kessang,ARUNACHAL PRADESH,pakke-kessang-723,[]
724,Leparada,ARUNACHAL PRADESH,leparada-724,[]
725,Shi Yomi,ARUNACHAL PRADESH,shi-yomi-725,[]
726,Hnahthial,MIZORAM,hnahthial-726,[]
727,Saitual,MIZORAM,saitual-727,[]
728,Khawzawl,MIZORAM,khawzawl-728,[]
729,Kallakurichi,TAMIL NADU,kallakurichi-729,[]
730,Chengalpattu,TAMIL NADU,chengalpattu-730,[]
731,Ranipet,TAMIL NADU,ranipet-731,[]
732,Tirupathur,TAMIL NADU,tirupathur-732,[]
733,Tenkasi,TAMIL NADU,tenkasi-733,[]
734,Gaurella Pendra Marwahi,CHHATTISGARH,gaurella-pendra-marwahi-734,[]
735,Mayiladuthurai,TAMIL NADU,mayiladuthurai-735,[]
736,Noklak,NAGALAND,noklak-736,[]
737,Malerkotla,PUNJAB,malerkotla-737,[]
738,Vijayanagar,KARNATAKA,vijayanagar-738,[]
739,Bajali,ASSAM,bajali-739,[]
740,Eastern West Khasi Hills,MEGHALAYA,eastern-west-khasi-hills-740,[]
741,Pakyong,SIKKIM,pakyong-741,[]
742,Soreng,SIKKIM,soreng-742,[]
743,Parvathipuram Manyam,ANDHRA PRADESH,parvathipuram-manyam-743,[]
744,Anakapalli,ANDHRA PRADESH,anakapalli-744,[]
745,Alluri Sitharama Raju,ANDHRA PRADESH,alluri-sitharama-raju-745,[]
746,Kakinada,ANDHRA PRADESH,kakinada-746,[]
747,Konaseema,ANDHRA PRADESH,konaseema-747,[]
748,Eluru,ANDHRA PRADESH,eluru-748,[]
749,Ntr,ANDHRA PRADESH,ntr-749,[]
750,Bapatla,ANDHRA PRADESH,bapatla-750,[]
751,Palnadu,ANDHRA PRADESH,palnadu-751,[]
752,Tirupati,ANDHRA PRADESH,tirupati-752,[]
753,Annamayya,ANDHRA PRADESH,annamayya-753,[]
754,Sri Sathya Sai,ANDHRA PRADESH,sri-sathya-sai-754,[]
755,Nandyal,ANDHRA PRADESH,nandyal-755,[]
756,Tamulpur,ASSAM,tamulpur-756,[]
757,Tseminyu,NAGALAND,tseminyu-757,[]
758,Chumoukedima,NAGALAND,chumoukedima-758,[]
759,Khairgarh Chhuikhadan Gandai,CHHATTISGARH,khairgarh-chhuikhadan-gandai-759,[]
760,Manendragarh Chirimiri Bharatpur,CHHATTISGARH,manendragarh-chirimiri-bharatpur-760,[]
761,Mohla Manpur Ambagarh Chouki,CHHATTISGARH,mohla-manpur-ambagarh-chouki-761,[]
762,Sakti,CHHATTISGARH,sakti-762,[]
763,Sarangarh Bilaigarh,CHHATTISGARH,sarangarh-bilaigarh-763,[]
764,Niuland,NAGALAND,niuland-764,[]
765,Shamator,NAGALAND,shamator-765,[]
766,Itanagar capital complex,ARUNACHAL PRADESH,itanagar-capital-complex-766,[]
767,Deeg,RAJASTHAN,deeg-767,[]
768,Didwana Kuchaman,RAJASTHAN,didwana-kuchaman-768,[]
769,Dudu,RAJASTHAN,dudu-769,[]
770,Khairthal-Tijara,RAJASTHAN,khairthal-tijara-770,[]
771,Gangapurcity,RAJASTHAN,gangapurcity-771,[]
772,Phalodi,RAJASTHAN,phalodi-772,[]
773,Neem Ka Thana,RAJASTHAN,neem-ka-thana-773,[]
774,Beawar,RAJASTHAN,beawar-774,[]
775,Balotra,RAJASTHAN,balotra-775,[]
776,Anoopgarh,RAJASTHAN,anoopgarh-776,[]
777,Salumbar,RAJASTHAN,salumbar-777,[]
778,Jodhpur Gramin,RAJASTHAN,jodhpur-gramin-778,[]
779,Sanchor,RAJASTHAN,sanchor-779,[]
780,Shahpura,RAJASTHAN,shahpura-780,[]
781,Kekri,RAJASTHAN,kekri-781,[]
782,Kotputli-Behror,RAJASTHAN,kotputli-behror-782,[]
783,Jaipur Gramin,RAJASTHAN,jaipur-gramin-783,[]
