state_code,rto,lat,lng
KL,ADOOR SRTO - KL26,9.1582825,76.7306533
KL,ALAPPUZHA RTO - KL4,9.6092867,76.3314816
KL,ALATHUR SRTO - KL49,10.6453971,76.5458462
KL,ALUVA SRTO - KL41,10.0929147,76.34615099999999
KL,ANGAMALI SRTO - KL63,10.1805921,76.3819683
KL,ATTINGAL RTO - KL16,8.7040933,76.8147597
KL,CHADAYAMANGALA SRTO - KL82,8.871181499999999,76.87024439999999
KL,CHALAKKUDY SRTO - KL64,9.9481706,76.34719799999999
KL,CHANGANACHERRY SRTO - KL33,9.4431868,76.5380347
KL,CHENGANNUR SRTO - KL30,9.3186243,76.6172469
KL,CHERTHALA SRTO - KL32,9.6830048,76.3399909
KL,CHITTUR SRTO - KL70,10.6984565,76.7554598
KL,DEVIKULAM SRTO - KL68,10.0137203,76.9555281
KL,ERNAKULAM RTO - KL7,9.9816358,76.2998842
KL,GURUVAYUR SRTO - KL46,10.5851778,76.03954569999999
KL,IDUKKI RTO - KL6,9.6168307,77.1586596
KL,IRINJALAKUDA SRTO - KL45,10.3521395,76.21667579999999
KL,IRITTY SRTO - KL78,11.9626039,75.6957686
KL,KANHANGAD SRTO - KL60,12.3185376,75.0876555
KL,KANJIRAPPALLY SRTO - KL34,9.5565564,76.7839468
KL,KANNUR RTO - KL13,11.8706946,75.3659125
KL,KARUNAGAPPALLY SRTO - KL23,9.0747066,76.5332226
KL,KASARGODE RTO - KL14,12.5041652,74.9882265
KL,KATTAKADA SRTO - KL74,8.5086661,77.08064209999999
KL,KAYAMKULAM SRTO - KL29,9.1949574,76.4475578
KL,KAZHAKUTTOM SRTO - KL22,8.5677142,76.8740809
KL,KODUNGALLUR SRTO - KL47,10.228397,76.1988387
KL,KODUVALLY SRTO - KL57,11.3599671,75.911716
KL,KOILANDY SRTO - KL56,11.4395937,75.6965206
KL,KOLLAM RTO - KL2,8.8923356,76.5744994
KL,KONDOTTY SRTO - KL84,11.1422907,75.96930689999999
KL,KONNI SRTO - KL83,9.2334766,76.84155299999999
KL,KOTHAMANGALAM SRTO - KL44,10.0653321,76.6206224
KL,KOTTARAKKARA SRTO - KL24,9.001428899999999,76.82752380000001
KL,KOTTAYAM RTO - KL5,9.5899694,76.5337297
KL,KOZHIKODE RTO - KL11,11.2538107,75.7725595
KL,KUNNATHUR SRTO - KL61,9.0887279,76.6372122
KL,KUTTANADU SRTO - KL66,9.421867,76.4735206
KL,MALAPPURAM RTO - KL10,11.0409181,76.07791139999999
KL,MALLAPPALLY SRTO - KL28,9.4498225,76.6701475
KL,MANANTHAVADY SRTO - KL72,11.8029205,76.0039413
KL,MANNARGHAT SRTO - KL50,11.0047575,76.4762003
KL,MATTANCHERRY SRTO - KL43,9.9581392,76.2555375
KL,MAVELIKKARA SRTO - KL31,9.173608,76.608975
KL,MUVATTUPUZHA RTO - KL17,9.9854449,76.5781906
KL,NANMANDA SRTO - KL76,11.4191857,75.8321314
KL,NATIONALISED SECTOR,8.480607899999999,76.94652119999999
KL,NEDUMANGADU SRTO - KL21,8.6030032,77.0022121
KL,NEYYATTINKARA SRTO - KL20,8.402622,77.08591489999999
KL,NILAMBUR SRTO - KL71,11.2691854,76.2163176
KL,NORTH PARUR SRTO - KL42,10.1546943,76.2448677
KL,OTTAPPALAM SRTO - KL51,10.774226,76.38461760000001
KL,PALAI SRTO - KL35,9.7000882,76.65432609999999
KL,PALAKKAD RTO - KL9,10.77295,76.654358
KL,PARASSALA SRTO - KL19,8.343975,77.15747189999999
KL,PATHANAMTHITTA RTO - KL3,9.2612784,76.7801827
KL,PATHANAPURAM SRTO - KL80,9.0929016,76.85658169999999
KL,PATTAMBI SRTO - KL52,10.8058439,76.1926845
KL,PAYYANNUR SRTO - KL86,12.0972416,75.1933906
KL,PERAMBRA SRTO - KL77,11.5567933,75.7609877
KL,PERINTHALMANNA SRTO - KL53,10.982828,76.2211416
KL,PERUMBAVUR SRTO - KL40,10.1142674,76.4757308
KL,PONNANI SRTO - KL54,10.7670193,75.9257523
KL,PUNALUR SRTO - KL25,9.0260604,76.9260053
KL,RAMANATTUKARA,11.1827616,75.8463451
KL,RANNI SRTO - KL62,9.3819526,76.7765594
KL,SULTHANBATHERY SRTO - KL73,11.663466,76.2659955
KL,TC OFFICE - STA OFFICE - KL99,10.1631526,76.64127119999999
KL,THALASSERY SRTO - KL58,11.7140567,75.5819377
KL,THALIPARAMBA SRTO - KL59,12.035593,75.3604098
KL,THIRURANGADI SRTO - KL65,11.0429335,75.9271886
KL,THIRUR SRTO - KL55,10.9165453,75.9243984
KL,THIRUVALLA SRTO - KL27,9.3833248,76.5736629
KL,THODUPUZHA SRTO - KL38,9.8984054,76.7131435
KL,THRIPRAYAR SRTO - KL75,10.4135958,76.1111385
KL,THRISSUR RTO - KL8,10.6695463,76.07749799999999
KL,TRIPUNITHURA SRTO - KL39,9.9449395,76.3488543
KL,TRIVANDRUM RTO - KL1,8.4883357,76.95194699999999
KL,UDUMBANCHOLA SRTO - KL69,9.8129131,77.1964442
KL,UZHAVOOR SRTO - KL67,9.7803608,76.6022749
KL,VADAKARA RTO - KL18,11.706218,75.68692
KL,VAIKOM SRTO - KL36,9.7547687,76.39379559999999
KL,VANDIPERIYAR SRTO - KL37,9.5743304,77.0930161
KL,VARKALA SRTO - KL81,8.730672199999999,76.7328853
KL,VELLARIKUNDU SRTO - KL79,12.365842,75.285432
KL,WADAKKANCHERRY SRTO - KL48,10.6587477,76.2460949
KL,WAYANAD RTO - KL12,11.6261124,76.0888463
TN,ALANGUDI UO - TN641,10.3611135,78.97959999999999
TN,ALANGULAM UO - TN644,8.8658325,77.4986933
TN,AMBASAMUTHIRAM UO - TN611,8.7035955,77.4485388
TN,AMBATTUR RTO - TN612,13.1185879,80.1574261
TN,AMBUR UO - TN628,12.7801672,78.71772709999999
TN,ARAKKONAM UO - TN609,13.0840593,79.6704128
TN,ARANI RTO - TN516,12.690687,79.26031160000001
TN,ARANTHANGI UO - TN592,10.1730375,78.9979149
TN,ARAVAKURICHI UO - TN632,10.7747161,77.90900069999999
TN,ARIYALUR RTO - TN61,11.1911987,79.3663
TN,ARUPPUKOTTAI UO - TN622,9.5139114,78.100168
TN,ATTUR RTO - TN591,11.5983006,78.597482
TN,AVINASHI UO - TN580,11.1889173,77.2698944
TN,BATLAGUNDU UO - TN596,10.1534103,77.74162799999999
TN,BHAVANI UO - TN578,11.4470564,77.6839768
TN,CHENGALPATTU RTO - TN19,12.7052654,79.9770929
TN,CHENNAI,13.0986496,80.2420666
TN,CHEYYAR UO - TN635,12.6618258,79.54346799999999
TN,CHIDAMBARAM RTO - TN544,11.447325,79.7104517
TN,COIMBATORE,11.0162374,76.925004
TN,CUDDALORE RTO - TN31,11.7466946,79.74835519999999
TN,DHARAPURAM RTO - TN594,10.7547403,77.5168132
TN,DHARMAPURI RTO - TN29,12.104247,78.14693179999999
TN,DINDIGUL RTO - TN57,10.3933601,77.9615111
TN,ERODE RTO - TN33,11.3523054,77.7155302
TN,ERODE,11.3696491,77.69459839999999
TN,GINGEE UO - TN627,12.2529068,79.4160149
TN,GOPICHETTIPALAYAM RTO - TN36,11.4580721,77.40756209999999
TN,GUDALORE UO - TN582,11.5011728,76.4921583
TN,GUDIYATHAM UO - TN514,12.9427995,78.86816139999999
TN,GUMMIDIPOONDI UO - TN625,13.4109557,80.11697079999999
TN,HARUR UO - TN527,12.051848,78.4749496
TN,HOSUR RTO - TN70,12.7237323,77.8254022
TN,ILLUPPUR UO - TN629,10.7348492,79.7391598
TN,KALLAKURICHI RTO - TN615,11.7404653,78.9951402
TN,KANCHEEPURAM RTO - TN21,12.8396267,79.7037108
TN,KANGEYAM UO - TN593,11.0053233,77.5608695
TN,KARAIKUDI UO - TN602,10.07354,78.773198
TN,KARUR RTO - TN47,10.9155721,78.0936502
TN,KOVILPATTI RTO - TN607,9.1851281,77.892185
TN,KRISHNAGIRI RTO - TN24,12.5580365,78.201754
TN,KULITHALI UO - TN585,10.9425987,78.4171909
TN,KUMARAPALAYAM RTO - TN638,11.4362628,77.7232172
TN,KUMBAKONAM RTO - TN68,10.9405237,79.3551356
TN,KUNDRATHUR RTO - TN85,12.9793136,80.0951863
TN,LALKUDI UO - TN631,10.8711566,78.8197036
TN,MADURAI,9.8843854,78.11910929999999
TN,MADURANTAGAM UO - TN508,12.5089244,79.88473549999999
TN,MANAPARAI UO - TN584,10.6089324,78.42332669999999
TN,MANMANGALAM UO - TN637,11.0268251,78.06560999999999
TN,MANNARGUDI UO - TN588,10.6631615,79.4481754
TN,MARTHANDAM RTO - TN75,8.3022156,77.2231219
TN,MAYILADUTHURAI RTO - TN589,11.1069895,79.65521869999999
TN,MEENAMBAKKAM RTO - TN22,13.0042147,80.2025878
TN,MELUR UO - TN600,10.0312879,78.33821170000002
TN,METTUPALAYAM RTO - TN40,11.3027849,76.9383385
TN,METTUR RTO - TN590,11.7829042,77.8004294
TN,MUSURI UO - TN621,10.9515663,78.4419364
TN,NAGAPATTINAM RTO - TN51,10.7745184,79.84096
TN,NAGERCOIL RTO - TN74,8.19127,77.4220374
TN,NAMAKKAL,11.2516264,78.1257475
TN,NATHAM UO - TN640,10.2261119,78.22945349999999
TN,NEYVELI UO - TN562,11.5389807,79.4793861
TN,ODDANCHATRAM  UO - TN595,10.4897472,77.7543611
TN,OMALURE UO - TN535,11.7428803,78.04731280000001
TN,OOTY RTO - TN43,11.4099832,76.70893029999999
TN,PALACODE UO - TN616,12.3045694,78.0729903
TN,PALANI RTO - TN597,10.4500374,77.5161356
TN,PANRUTI UO - TN626,11.7665792,79.5629117
TN,PARAMAKUDI UO - TN603,9.5503862,78.5841633
TN,PARAMATHI VELLURE UO - TN517,11.1525103,78.0252466
TN,PATTUKOTTAI UNIT OFFICE - TN587,10.4232271,79.3199985
TN,PERAMBALUR RTO - TN46,11.2716886,78.89921950000002
TN,PERUNDURAI RTO - TN56,11.2825278,77.5891374
TN,POLLACHI RTO - TN41,10.6554515,77.0271202
TN,POONAMALLEE RTO - TN511,13.0572348,80.111604
TN,PUDUKOTTAI RTO - TN55,10.366389,78.8184165
TN,RAJAPALAYAM UO - TN643,9.4514843,77.55434249999999
TN,RAMANATHAPURAM RTO - TN65,9.3651138,78.8307348
TN,RANIPET RTO - TN73,13.0541228,79.5652034
TN,RASIPURAM UO - TN526,11.4614624,78.1854772
TN,REDHILLS RTO - TN18,13.1963824,80.160506
TN,RTO CHENNAI,13.0043674,80.2029092
TN,SALEM,11.664325,78.1460142
TN,SANKAGIRI RTO - TN52,11.4776175,77.8761286
TN,SANKARANKOVIL RTO - TN610,9.1915112,77.53473
TN,SATHYAMANGALAM UO - TN579,11.5034192,77.24443480000001
TN,SHOLINGANALLUR RTO - TN512,12.8991535,80.2275119
TN,SIRKALI UO - TN623,11.2407109,79.7372255
TN,SIVAGANGAI RTO - TN63,9.8589428,78.4908798
TN,SIVAKASI RTO - TN604,9.4532852,77.80241699999999
TN,SRIPERUMBUDUR RTO - TN614,12.9559172,79.9439397
TN,SRIRANGAM RTO - TN48,10.8628869,78.7042536
TN,SRIVILLIPUTHUR RTO - TN605,9.5545238,77.6777852
TN,STATE TRANSPORT AUTHORITY - TN999,11.1271225,78.6568942
TN,SULUR UO - TN620,11.0273261,77.1201396
TN,TAMBARAM RTO - TN513,12.9312429,80.1082904
TN,TENKASI RTO - TN76,8.9911105,77.2958261
TN,THANJAVUR RTO - TN49,10.7294436,79.08938859999999
TN,THENI RTO - TN60,9.8426695,77.3830076
TN,THIRUCHENDUR RTO - TN606,8.4976846,78.11942959999999
TN,THIRUKALUKUNTRAM UO - TN639,12.609112,80.0674695
TN,THIRUMANGALAM  UO - TN598,9.8216147,77.9891394
TN,THIRUPATTUR RTO - TN624,12.4475323,78.5428251
TN,THIRUTHURAIPOONDI UO - TN630,10.5488795,79.639015
TN,THIRUTTANI UO - TN634,13.1746411,79.611721
TN,THOOTHUKUDI RTO - TN69,8.803289,78.1254333
TN,THURAIYUR UO - TN586,11.1518913,78.5957143
TN,TINDIVANAM RTO - TN571,12.1923632,79.6841038
TN,TIRUCHENGODE RTO - TN34,11.3630985,77.8587556
TN,TIRUCHI,10.7904833,78.7046725
TN,TIRUCHI RTO - TN45,10.7904833,78.7046725
TN,TIRUNELVELI RTO - TN72,8.7097984,77.7260403
TN,TIRUPPUR,11.1237737,77.31096459999999
TN,TIRUVALLUR RTO - TN20,13.1415468,79.8926372
TN,TIRUVANNAMALAI RTO - TN25,12.2687111,79.0741771
TN,TIRUVARUR RTO - TN50,10.7812555,79.6175396
TN,TIRUVERANBUR UO - TN583,10.7850922,78.77502249999999
TN,UDUMALPET RTO - TN581,10.5676451,77.24282389999999
TN,ULUNDURPET RTO - TN577,11.6913973,79.2881233
TN,USILAMPATTI UO - TN636,9.9649231,77.788508
TN,UTHAMAPALAYAM UO - TN601,9.806343600000002,77.3294827
TN,VADIPATTI UO - TN599,10.0843179,77.9610158
TN,VALAPPADI UO - TN613,11.6561908,78.40185579999999
TN,VALLIYUR UO - TN608,8.401361,77.61744829999999
TN,VALPARAI UO - TN633,10.3269734,76.9553967
TN,VANIYAMBADI RTO - TN515,12.6382303,78.60579229999999
TN,VEDACHANDUR UO - TN617,10.5311313,77.9476157
TN,VELLORE RTO - TN23,12.9327125,79.1566161
TN,VILUPPURAM RTO - TN32,11.9385851,79.48526930000001
TN,VIRUDHACHALAM UO - TN553,11.5160935,79.32661949999999
TN,VIRUDHUNAGAR RTO - TN67,9.5812219,77.9230779
